Name,Category,Price (KES),Original Price (KES),Discount %,Stock,Description,Featured,Approved,Rating,Reviews,Image 1,Image 2,Image 3
25W TYPE C ADAPTER + CABLE,Accessories,1000,1000,0,1,,No,Yes,0,0,https://res.cloudinary.com/dcywqtljq/image/upload/v1755163722/adit-products/25W_TYPE_C_ADAPTER_CABLE.webp,https://res.cloudinary.com/dcywqtljq/image/upload/v1755163727/adit-products/45W_TYPE_C_ADAPTER_CABLE.jpg,https://res.cloudinary.com/dcywqtljq/image/upload/v1755175744/adit-products/HP_TYPE_C_45W_ADAPTER.jpg
A3 LAMINATOR,Accessories,6500,6500,0,1,,No,Yes,0,0,https://res.cloudinary.com/dcywqtljq/image/upload/v1755338537/adit_products/Office-point-Laminator-A3-2.webp,,
CMOS BATTERY,Accessories,300,300,0,59,,No,Yes,0,0,,,
DESKTOP SPEAKER S-999,Accessories,900,900,0,1,,No,Yes,0,0,,,
ESET HOME SECURITY ESSENTIAL,Accessories,4000,4000,0,3,,No,Yes,0,0,https://res.cloudinary.com/dcywqtljq/image/upload/v1755175755/adit-products/ESET_HOME_SECURITY_ESSENTIAL.jpg,,
EXTENSION 5 WAY LW EXT-755,Accessories,2300,2300,0,3,,No,Yes,0,0,,,
EXTENSION 6 WAY LW EXT-756,Accessories,2500,2500,0,2,,No,Yes,0,0,,,
FLEXIBLE KEYBOARD,Accessories,1200,1200,0,2,,No,Yes,0,0,,,
FLOWER CABLE EX UK,Accessories,500,500,0,24,,No,Yes,0,0,,,
FOAM CLEANING AGENT,Accessories,650,650,0,4,,No,Yes,0,0,,,
FOLDING DESKTOP PHONE STAND,Accessories,500,500,0,1,,No,Yes,0,0,https://res.cloudinary.com/dcywqtljq/image/upload/v1755155847/adit-products/FOLDING_DESKTOP_PHONE_STAND.jpg,,
HP BIG PIN ADAPTER 90W/19V,Accessories,1200,1200,0,6,,No,Yes,0,0,,,
HP BLUE PIN ADAPTER 65W/19.5V,Accessories,1200,1200,0,10,,No,Yes,0,0,https://res.cloudinary.com/dcywqtljq/image/upload/v1755175764/adit-products/HP_TYPE_C_65W_ADAPTER.jpg,,
HP GAMING MOUSE,Accessories,700,700,0,5,,No,Yes,0,0,https://res.cloudinary.com/dcywqtljq/image/upload/v1755155835/adit-products/HP_BROWN_BOX_MOUSE.jpg,,
HP SPEAKERS 12W,Accessories,2200,2200,0,1,,No,Yes,0,0,https://res.cloudinary.com/dcywqtljq/image/upload/v1755163746/adit-products/HP_SPEAKERS_12W.webp,,
HP SPEAKERS 6W,Accessories,1500,1500,0,2,,No,Yes,0,0,https://res.cloudinary.com/dcywqtljq/image/upload/v1755163746/adit-products/HP_SPEAKERS_12W.webp,,
HP WIRED KEYBOARD K1600,Accessories,700,700,0,8,,No,Yes,0,0,/images/HP WIRED KEYBOARD K1600.jpg,,
HP WIRED MOUSE,Accessories,450,450,0,12,,No,Yes,0,0,https://res.cloudinary.com/dcywqtljq/image/upload/v1755155835/adit-products/HP_BROWN_BOX_MOUSE.jpg,,
HP WIRELESS MOUSE,Accessories,600,600,0,5,,No,Yes,0,0,https://res.cloudinary.com/dcywqtljq/image/upload/v1755155835/adit-products/HP_BROWN_BOX_MOUSE.jpg,,
HP WIRELESS RECHARGEABLE MOUSE,Accessories,1200,1200,0,3,,No,Yes,0,0,https://res.cloudinary.com/dcywqtljq/image/upload/v1755155835/adit-products/HP_BROWN_BOX_MOUSE.jpg,,
HP YELLOW PIN 65W ADAPTER,Accessories,1200,1200,0,2,,No,Yes,0,0,https://res.cloudinary.com/dcywqtljq/image/upload/v1755175764/adit-products/HP_TYPE_C_65W_ADAPTER.jpg,https://res.cloudinary.com/dcywqtljq/image/upload/v1755163723/adit-products/DELL_SMALL_PIN_ADAPTER_45W19.5.webp,https://res.cloudinary.com/dcywqtljq/image/upload/v1755175744/adit-products/HP_TYPE_C_45W_ADAPTER.jpg
JBL MZ-218ST HEADPHONES,Accessories,900,900,0,2,,No,Yes,0,0,,,
LAPTOP STAND,Accessories,900,900,0,1,,No,Yes,0,0,,,
LENOVO SMALL PIN ADAPTER,Accessories,1200,1200,0,1,,No,Yes,0,0,https://res.cloudinary.com/dcywqtljq/image/upload/v1755163723/adit-products/DELL_SMALL_PIN_ADAPTER_45W19.5.webp,https://res.cloudinary.com/dcywqtljq/image/upload/v1755163722/adit-products/LENOVO_BIG_PIN.jpg,
LENOVO USB YELLOW PIN 65W ADAPTER,Accessories,1200,1200,0,1,,No,Yes,0,0,,,
MERCURY UPS MAVERICK 850,Accessories,5400,5400,0,1,,No,Yes,0,0,https://res.cloudinary.com/dcywqtljq/image/upload/v1755180395/adit-products/MERCURY_UPS_MAVERICK_850.webp,,
NOTEBOOK COMPUTER LOCK,Accessories,1700,1700,0,2,,No,Yes,0,0,,,
OPPO WIRELESS HEADPHONES,Accessories,2000,2000,0,1,,No,Yes,0,0,,,
ORAIMO EARPHONES,Accessories,300,300,0,3,,No,Yes,0,0,https://res.cloudinary.com/dcywqtljq/image/upload/v1755155842/adit-products/HP_EARPHONES.jpg,,
ORAIMO I12 WIRELESS HEADSET,Accessories,2500,2500,0,1,,No,Yes,0,0,,,
PAPERLINE REAM PAPER,Accessories,650,650,0,1,,No,Yes,0,0,,,
PICK UP RUBBER L3100,Accessories,1500,1500,0,1,,No,Yes,0,0,,,
PICK UP RUBBER L382,Accessories,1500,1500,0,5,,No,Yes,0,0,,,
POE ADAPTER 24V,Accessories,1000,1000,0,2,,No,Yes,0,0,https://res.cloudinary.com/dcywqtljq/image/upload/v1755163719/adit-products/POE_ADAPTER_48V.jpg,,
POWERBANK 10000MAH,Accessories,2300,2300,0,1,,No,Yes,0,0,,,
PRINT HEAD CABLE EPSON L382,Accessories,1500,1500,0,4,,No,Yes,0,0,https://res.cloudinary.com/dcywqtljq/image/upload/v1755163738/adit-products/PRINT_HEAD_CABLE_EPSON_L382.webp,https://res.cloudinary.com/dcywqtljq/image/upload/v1755163736/adit-products/PRINT_HEAD_CABLE_L3100.webp,
PRINT HEAD CABLE L3100 SERIES,Accessories,1500,1500,0,5,,No,Yes,0,0,https://res.cloudinary.com/dcywqtljq/image/upload/v1755163736/adit-products/PRINT_HEAD_CABLE_L3100.webp,https://res.cloudinary.com/dcywqtljq/image/upload/v1755163738/adit-products/PRINT_HEAD_CABLE_EPSON_L382.webp,
PROSTAR UPS 650WATTS,Accessories,7700,7700,0,1,,No,Yes,0,0,,,
SAMSUNG S10+ GALAXY CHARGER,Accessories,700,700,0,3,,No,Yes,0,0,,,
SAMSUNG S8 TYPE-C CHARGER,Accessories,700,700,0,3,,No,Yes,0,0,,,
SELFIE STICK F210S,Accessories,850,850,0,1,,No,Yes,0,0,,,
THERMAL PASTE,Accessories,500,500,0,3,,No,Yes,0,0,https://res.cloudinary.com/dcywqtljq/image/upload/v1755155834/adit-products/THERMAL_PASTE_SYRINGE.jpg,https://res.cloudinary.com/dcywqtljq/image/upload/v1755155834/adit-products/THERMAL_ROLL.jpg,
TOSHIBA SMALL PIN ADAPTER,Accessories,1400,1400,0,1,,No,Yes,0,0,https://res.cloudinary.com/dcywqtljq/image/upload/v1755163723/adit-products/DELL_SMALL_PIN_ADAPTER_45W19.5.webp,,
UNIVERSAL ADAPTER SMALL PIN,Accessories,1200,1200,0,1,,No,Yes,0,0,https://res.cloudinary.com/dcywqtljq/image/upload/v1755163723/adit-products/DELL_SMALL_PIN_ADAPTER_45W19.5.webp,,
USB HUB 4 PORT,Accessories,1200,1200,0,2,,No,Yes,0,0,,,
WIRELESS KEYBOARD WITH MOUSE,Accessories,2000,2000,0,1,,No,Yes,0,0,,,
CCTV OPEN POWER SUPPLY 5AMP,CCTV,1500,1500,0,1,,No,Yes,0,0,https://res.cloudinary.com/dcywqtljq/image/upload/v1755163744/adit-products/CCTV_OPEN_POWER_SUPPLY_10AMP.webp,,
CLOSED 10AMP CCTV POWER SUPPLY,CCTV,3500,3500,0,2,,No,Yes,0,0,https://res.cloudinary.com/dcywqtljq/image/upload/v1755163744/adit-products/CCTV_OPEN_POWER_SUPPLY_10AMP.webp,,
CLOSED 5AMP CCTV POWER SUPPLY,CCTV,2500,2500,0,2,,No,Yes,0,0,https://res.cloudinary.com/dcywqtljq/image/upload/v1755163744/adit-products/CCTV_OPEN_POWER_SUPPLY_10AMP.webp,,
HIK VISION CCTV CAMERA,CCTV,4500,4500,0,30,,No,Yes,0,0,https://res.cloudinary.com/dcywqtljq/image/upload/v1755087896/adit-products/HIK_VISION_CCTV_CAMERA_2MP.jpg,https://res.cloudinary.com/dcywqtljq/image/upload/v1755175754/adit-products/2MP_COLOURVU_CCTV_CAMERA.webp,https://res.cloudinary.com/dcywqtljq/image/upload/v1755163758/adit-products/2MP_SMART_HYBRID_CCTV_CAMERA.jpg
CANON 445 BLACK PRINTHEAD,Cartridge,4200,4200,0,1,,No,Yes,0,0,,,
EPSON CLARITY CYAN,Cartridge,240,240,0,6,,No,Yes,0,0,,,
HP Z230 WORKSTATION DESKTOP CI5,Computers,13000,13000,0,6,,No,Yes,0,0,https://res.cloudinary.com/dcywqtljq/image/upload/v1755155855/adit-products/HP_Z230_WORKSTATION_DESKTOP_CI5.jpg,https://res.cloudinary.com/dcywqtljq/image/upload/v1755155856/adit-products/HP_Z230_WORKSTATION_DESKTOP_CI52.jpg,
MODIO TABLET M730,Computers,11900,11900,0,1,,No,Yes,0,0,https://res.cloudinary.com/dcywqtljq/image/upload/v1755338526/adit_products/modio_tablet.jpg,,
HP ELITEBOOK 830 G6 CI5 8GB/256,Laptops,39000,39000,0,1,,No,Yes,0,0,,,
HP ELITEBOOK 850G4 SEALED CI7,Laptops,36500,36500,0,1,,No,Yes,0,0,https://res.cloudinary.com/dcywqtljq/image/upload/v1755180415/adit-products/HP_ELITEBOOK_850G4_SEALED_CI7.webp,,
HP X360 1030 G3 CI5 16GB RAM/512GB,Laptops,48000,48000,0,1,,No,Yes,0,0,https://res.cloudinary.com/dcywqtljq/image/upload/v1755180416/adit-products/HP_X360_1030_G3.png,,
LENOVO YOGA 11E,Laptops,22000,22000,0,1,,No,Yes,0,0,https://res.cloudinary.com/dcywqtljq/image/upload/v1755338525/adit_products/levovo_yoga_11e.jpg,,
DELL SCREEN 20INCH HD,Monitors,4200,4200,0,2,,No,Yes,0,0,,,
DELL SCREEN 20INCH WIDE,Monitors,4500,4500,0,2,,No,Yes,0,0,,,
DELL SCREEN 24INCH EDGE TO EDGE,Monitors,11000,11000,0,1,,No,Yes,0,0,,,
SAMSUNG 20INCH DESKTOP MONITOR,Monitors,4900,4900,0,4,,No,Yes,0,0,/images/Samsung-20.webp,,
SAMSUNG 22'' DESKTOP MONITOR,Monitors,6800,6800,0,3,,No,Yes,0,0,/images/SAMSUNG 22'' DESKTOP MONITOR 1.webp,/images/SAMSUNG 22'' DESKTOP MONITOR 2.webp,
4G/5G LTE SIMCARD ROUTER,Networking,7000,7000,0,1,,No,Yes,0,0,,,
8 PORT DAHUA SWITCH,Networking,2000,2000,0,3,,No,Yes,0,0,https://res.cloudinary.com/dcywqtljq/image/upload/v1755180396/adit-products/POE_SWITCHES_DAHUA_4_PORT.webp,,
ACP MIFI,Networking,4500,4500,0,1,,No,Yes,0,0,https://res.cloudinary.com/dcywqtljq/image/upload/v1755180393/adit-products/ACP_MIFI.jpg,,
AMIGO CAT 6 CABLE,Networking,5500,5500,0,2,,No,Yes,0,0,https://res.cloudinary.com/dcywqtljq/image/upload/v1755180400/adit-products/AMIGO_CAT_6_CABLE.jpg,,
CABLE TESTER,Networking,1000,1000,0,1,,No,Yes,0,0,,,
CAT 6 OUTDOOR CABLE 305M LIGHT WAVE,Networking,9000,9000,0,2,,No,Yes,0,0,,,
CRIMPING TOOL,Networking,950,950,0,1,,No,Yes,0,0,,,
POE SWITCHES DAHUA 4 PORT,Networking,5500,5500,0,1,,No,Yes,0,0,https://res.cloudinary.com/dcywqtljq/image/upload/v1755180396/adit-products/POE_SWITCHES_DAHUA_4_PORT.webp,,
RG59 COAXIAL CABLE,Networking,3500,3500,0,2,,No,Yes,0,0,https://res.cloudinary.com/dcywqtljq/image/upload/v1755175737/adit-products/RG59_COAXIAL_CABLE.webp,,
TENDA ROUTER F3,Networking,1900,1900,0,3,,No,Yes,0,0,/images/tendaf3.jpg,,
TENDA SWITCH,Networking,1500,1500,0,4,,No,Yes,0,0,/images/Tenda_S108_Desktop_Switch.jpg,,
TP LINK ROUTER,Networking,2100,2100,0,1,,No,Yes,0,0,,,
EPSON PRINTER L3210,Printers,25000,25000,0,1,,No,Yes,0,0,/images/L3210.webp,/images/L3210_2.webp,
EPSON PRINTER L3250,Printers,27500,27500,0,1,,No,Yes,0,0,/images/L3250-price-in-kenya.jpg.webp,,
HP LASER 107W,Printers,14000,14000,0,0,,No,Yes,0,0,,,
HP LASERJET M135A,Printers,33400,33400,0,1,,No,Yes,0,0,https://res.cloudinary.com/dcywqtljq/image/upload/v1755338524/adit_products/HP-Laser-MFP-135a-A4-Mono-Multifunction-Printer-300x300-1.webp,,
HP PRINTER P1102,Printers,14500,14500,0,2,,No,Yes,0,0,https://res.cloudinary.com/dcywqtljq/image/upload/v1755338526/adit_products/HP_PRINTER_P1102.webp,https://res.cloudinary.com/dcywqtljq/image/upload/v1755180413/adit-products/HP_PRINTER_P1102_BOXED.jpg,https://res.cloudinary.com/dcywqtljq/image/upload/v1755180411/adit-products/HP_DESKJET_PRINTER_2320.png
TEFLON SLEEVE P1102,Printers,1400,1400,0,5,,No,Yes,0,0,,,
THERMAL PRINTER USB/LAN,Printers,8600,8600,0,1,,No,Yes,0,0,https://res.cloudinary.com/dcywqtljq/image/upload/v1755155845/adit-products/USB_PRINTER_CABLE_3M.jpg,,
1TB TOSHIBA EXTERNAL DRIVE,Storage,6500,6500,0,10,,No,Yes,0,0,https://res.cloudinary.com/dcywqtljq/image/upload/v1755180406/adit-products/1TB_TOSHIBA_EXTERNAL_DRIVE.jpg,https://res.cloudinary.com/dcywqtljq/image/upload/v1755180412/adit-products/WD_4TB_EXTERNAL_DRIVE.webp,
8GB HIKSEMI USB FLASH DISK,Storage,700,700,0,8,,No,Yes,0,0,https://res.cloudinary.com/dcywqtljq/image/upload/v1755155850/adit-products/4GB_HIKSEMI_USB_FLASH_DISK.jpg,https://res.cloudinary.com/dcywqtljq/image/upload/v1755163729/adit-products/HIKSEMI_32GB_USB_FLASHDISK.jpg,https://res.cloudinary.com/dcywqtljq/image/upload/v1755163718/adit-products/HIKSEMI_USB_FLASHDISK_16GB.jpg
DAHUA 128GB OTG USB FLASHDISK,Storage,2700,2700,0,2,,No,Yes,0,0,https://res.cloudinary.com/dcywqtljq/image/upload/v1755163753/adit-products/DAHUA_128GB_3.2_USB_FLASHDISK.jpg,https://res.cloudinary.com/dcywqtljq/image/upload/v1755163718/adit-products/DAHUA_32GB_3.0_USB_FLASHDISK.webp,https://res.cloudinary.com/dcywqtljq/image/upload/v1755163734/adit-products/DAHUA_64GB_3.2_USB_FLASDISK.webp
DAHUA 256GB MEMORY CARD,Storage,3500,3500,0,1,,No,Yes,0,0,https://res.cloudinary.com/dcywqtljq/image/upload/v1755175741/adit-products/DAHUA_256GB_MEMORY_CARD.webp,https://res.cloudinary.com/dcywqtljq/image/upload/v1755175763/adit-products/DAHUA_2.5_SATA_256GB_SSD.webp,https://res.cloudinary.com/dcywqtljq/image/upload/v1755180389/adit-products/DAHUA_256GB_SINGLE_NOTCH.webp
DAHUA 64GB MEMORY CARD,Storage,1600,1600,0,1,,No,Yes,0,0,https://res.cloudinary.com/dcywqtljq/image/upload/v1755175741/adit-products/DAHUA_256GB_MEMORY_CARD.webp,https://res.cloudinary.com/dcywqtljq/image/upload/v1755163739/adit-products/HIKSEMI_64GB_MEMORY_CARD.webp,https://res.cloudinary.com/dcywqtljq/image/upload/v1755163734/adit-products/DAHUA_64GB_3.2_USB_FLASDISK.webp
DAHUA NVME DOUBLE NOTCH SSD,Storage,4500,4500,0,2,,No,Yes,0,0,https://res.cloudinary.com/dcywqtljq/image/upload/v1755180392/adit-products/DAHUA_NVME_DOUBLE_NOTCH_SSD.webp,https://res.cloudinary.com/dcywqtljq/image/upload/v1755180405/adit-products/DAHUA_M.2_DOUBLE_NOTCH_512GB.webp,https://res.cloudinary.com/dcywqtljq/image/upload/v1755175763/adit-products/DAHUA_2.5_SATA_256GB_SSD.webp
DAHUA NVME SINGLE NOTCH SSD 256,Storage,4300,4300,0,3,,No,Yes,0,0,https://res.cloudinary.com/dcywqtljq/image/upload/v1755180392/adit-products/DAHUA_NVME_DOUBLE_NOTCH_SSD.webp,https://res.cloudinary.com/dcywqtljq/image/upload/v1755180389/adit-products/DAHUA_256GB_SINGLE_NOTCH.webp,
DESKTOP 1TB HDD,Storage,5500,5500,0,2,,No,Yes,0,0,https://res.cloudinary.com/dcywqtljq/image/upload/v1755180397/adit-products/DESKTOP_1TB_HDD.webp,https://res.cloudinary.com/dcywqtljq/image/upload/v1755180401/adit-products/HDD_1TB_LAPTOP_SIZE.jpg,
DESKTOP 250GB HDD,Storage,2000,2000,0,1,,No,Yes,0,0,https://res.cloudinary.com/dcywqtljq/image/upload/v1755180397/adit-products/DESKTOP_1TB_HDD.webp,,
DESKTOP 500GB HDD,Storage,3000,3000,0,3,,No,Yes,0,0,https://res.cloudinary.com/dcywqtljq/image/upload/v1755180397/adit-products/DESKTOP_1TB_HDD.webp,,
HARDISK EXTERNAL CASING 2.0,Storage,600,600,0,3,,No,Yes,0,0,https://res.cloudinary.com/dcywqtljq/image/upload/v1755155846/adit-products/3.0_EXTERNAL_HARDISK_DATA_CABLE.png,,
HARDISK EXTERNAL CASING 3.0,Storage,1200,1200,0,3,,No,Yes,0,0,https://res.cloudinary.com/dcywqtljq/image/upload/v1755155846/adit-products/3.0_EXTERNAL_HARDISK_DATA_CABLE.png,,
HDD 1TB LAPTOP SIZE,Storage,5500,5500,0,1,,No,Yes,0,0,https://res.cloudinary.com/dcywqtljq/image/upload/v1755180401/adit-products/HDD_1TB_LAPTOP_SIZE.jpg,https://res.cloudinary.com/dcywqtljq/image/upload/v1755180397/adit-products/DESKTOP_1TB_HDD.webp,
HIKSEMI 2.5'' SATA SSD 512GB,Storage,6200,6200,0,1,,No,Yes,0,0,https://res.cloudinary.com/dcywqtljq/image/upload/v1755180404/adit-products/HIKSEMI_2.5_SATA_SSD_512GB.webp,https://res.cloudinary.com/dcywqtljq/image/upload/v1755175760/adit-products/HIKSEMI_2.5_SATA_256GB_SSD.webp,https://res.cloudinary.com/dcywqtljq/image/upload/v1755175763/adit-products/DAHUA_2.5_SATA_256GB_SSD.webp
LAPTOP HDD 250GB,Storage,2000,2000,0,1,,No,Yes,0,0,https://res.cloudinary.com/dcywqtljq/image/upload/v1755180401/adit-products/HDD_1TB_LAPTOP_SIZE.jpg,,
LAPTOP SIZE 500GB HDD,Storage,3000,3000,0,3,,No,Yes,0,0,https://res.cloudinary.com/dcywqtljq/image/upload/v1755180401/adit-products/HDD_1TB_LAPTOP_SIZE.jpg,,
SANDISK 16GB MEMORY CARD,Storage,1000,1000,0,3,,No,Yes,0,0,https://res.cloudinary.com/dcywqtljq/image/upload/v1755163730/adit-products/SANDISK_32GB_MEMORY_CARD.webp,https://res.cloudinary.com/dcywqtljq/image/upload/v1755175741/adit-products/DAHUA_256GB_MEMORY_CARD.webp,https://res.cloudinary.com/dcywqtljq/image/upload/v1755163747/adit-products/HIKSEMI_128GB_MEMORY_CARD.png
WD 4TB EXTERNAL DRIVE STORAGE,Storage,17500,17500,0,1,,No,Yes,0,0,https://res.cloudinary.com/dcywqtljq/image/upload/v1755180412/adit-products/WD_4TB_EXTERNAL_DRIVE.webp,https://res.cloudinary.com/dcywqtljq/image/upload/v1755180406/adit-products/1TB_TOSHIBA_EXTERNAL_DRIVE.jpg,
410A ASTA BLACK,Toners,3000,3000,0,1,,No,Yes,0,0,https://res.cloudinary.com/dcywqtljq/image/upload/v1755163760/adit-products/ASTA_131A_BLACK.jpg,https://res.cloudinary.com/dcywqtljq/image/upload/v1755338538/adit_products/HP-410A-Black-CF410A.jpg,
411A ASTA CYAN/BLUE,Toners,3000,3000,0,1,,No,Yes,0,0,https://res.cloudinary.com/dcywqtljq/image/upload/v1755338533/adit_products/ASTA_541A_CYAN.jpg,,
59A LIGHT WAVE,Toners,6800,6800,0,4,,No,Yes,0,0,https://res.cloudinary.com/dcywqtljq/image/upload/v1755338527/adit_products/59A_LIGHT_WAVE.png,,
90A LIGHT WAVE,Toners,5000,5000,0,1,,No,Yes,0,0,https://res.cloudinary.com/dcywqtljq/image/upload/v1755338527/adit_products/59A_LIGHT_WAVE.png,https://res.cloudinary.com/dcywqtljq/image/upload/v1755163753/adit-products/LIGHT_WAVE_201A_MAGENTA.webp,
ASTA 05A/80A,Toners,2000,2000,0,2,,No,Yes,0,0,,,
ASTA 107A,Toners,3000,3000,0,1,,No,Yes,0,0,,,
ASTA 131A,Toners,3000,3000,0,1,,No,Yes,0,0,https://res.cloudinary.com/dcywqtljq/image/upload/v1755163760/adit-products/ASTA_131A_BLACK.jpg,https://res.cloudinary.com/dcywqtljq/image/upload/v1755163755/adit-products/ASTA_131A_CYANBLUE.webp,
ASTA 136A,Toners,4500,4500,0,7,,No,Yes,0,0,,,
ASTA 151,Toners,4500,4500,0,2,,No,Yes,0,0,,,
ASTA 151A,Toners,7000,7000,0,2,,No,Yes,0,0,,,
ASTA 17A,Toners,2300,2300,0,1,,No,Yes,0,0,https://res.cloudinary.com/dcywqtljq/image/upload/v1755175749/adit-products/HP_17A.jpg,,
ASTA 19A,Toners,2500,2500,0,2,,No,Yes,0,0,https://res.cloudinary.com/dcywqtljq/image/upload/v1755175758/adit-products/HP_19A.webp,,
ASTA 410 MAGENTA,Toners,3000,3000,0,1,,No,Yes,0,0,,,
ASTA 410A YELLOW,Toners,3000,3000,0,1,,No,Yes,0,0,,,
ASTA 540A BLACK,Toners,3000,3000,0,1,,No,Yes,0,0,https://res.cloudinary.com/dcywqtljq/image/upload/v1755163760/adit-products/ASTA_131A_BLACK.jpg,,
ASTA 541A CYAN,Toners,3000,3000,0,1,,No,Yes,0,0,https://res.cloudinary.com/dcywqtljq/image/upload/v1755338533/adit_products/ASTA_541A_CYAN.jpg,,
ASTA 542 YELLOW,Toners,3000,3000,0,1,,No,Yes,0,0,,,
ASTA 543A MAGENTA,Toners,3000,3000,0,1,,No,Yes,0,0,,,
ASTA 83A,Toners,1800,1800,0,3,,No,Yes,0,0,https://res.cloudinary.com/dcywqtljq/image/upload/v1755175743/adit-products/HP_83A.jpg,https://res.cloudinary.com/dcywqtljq/image/upload/v1755163750/adit-products/PREMUM_83A.jpg,
ASTA 85A,Toners,1800,1800,0,15,,No,Yes,0,0,https://res.cloudinary.com/dcywqtljq/image/upload/v1755175744/adit-products/HP_85A.webp,https://res.cloudinary.com/dcywqtljq/image/upload/v1755163748/adit-products/OFFICEPOINT_85A.jpg,https://res.cloudinary.com/dcywqtljq/image/upload/v1755163749/adit-products/PREMIUM_85A.jpg
EPSON 103 BLACK,Toners,1500,1500,0,1,,No,Yes,0,0,,,
EPSON 103 CYAN,Toners,1500,1500,0,2,,No,Yes,0,0,,,
EPSON 103 MAGENTA,Toners,1500,1500,0,1,,No,Yes,0,0,,,
EPSON 103 YELLOW,Toners,1500,1500,0,1,,No,Yes,0,0,,,
EPSON 664 BLACK,Toners,1450,1450,0,2,,No,Yes,0,0,,,
EPSON 664 CYAN,Toners,1450,1450,0,4,,No,Yes,0,0,,,
EPSON 664 MAGENTA,Toners,1450,1450,0,2,,No,Yes,0,0,,,
EPSON 664 YELLOW,Toners,1450,1450,0,6,,No,Yes,0,0,,,
HP 05A ORIGINAL,Toners,9000,9000,0,2,,No,Yes,0,0,https://res.cloudinary.com/dcywqtljq/image/upload/v1755175759/adit-products/HP_05A.webp,https://res.cloudinary.com/dcywqtljq/image/upload/v1755338530/adit_products/HP-59A-ORIGINAL.webp,
HP 106A,Toners,4500,4500,0,7,,No,Yes,0,0,https://res.cloudinary.com/dcywqtljq/image/upload/v1755175759/adit-products/HP_05A.webp,https://res.cloudinary.com/dcywqtljq/image/upload/v1755175757/adit-products/HP_12A.webp,https://res.cloudinary.com/dcywqtljq/image/upload/v1755175749/adit-products/HP_17A.jpg
HP 107A,Toners,4800,4800,0,2,,No,Yes,0,0,https://res.cloudinary.com/dcywqtljq/image/upload/v1755175759/adit-products/HP_05A.webp,https://res.cloudinary.com/dcywqtljq/image/upload/v1755175757/adit-products/HP_12A.webp,https://res.cloudinary.com/dcywqtljq/image/upload/v1755175749/adit-products/HP_17A.jpg
HP 12A,Toners,4000,4000,0,1,,No,Yes,0,0,https://res.cloudinary.com/dcywqtljq/image/upload/v1755175757/adit-products/HP_12A.webp,https://res.cloudinary.com/dcywqtljq/image/upload/v1755175759/adit-products/HP_05A.webp,https://res.cloudinary.com/dcywqtljq/image/upload/v1755175749/adit-products/HP_17A.jpg
HP 130A BLACK,Toners,4500,4500,0,3,,No,Yes,0,0,https://res.cloudinary.com/dcywqtljq/image/upload/v1755180390/adit-products/HP_130A_BLACK.jpg,https://res.cloudinary.com/dcywqtljq/image/upload/v1755175753/adit-products/HP_53A_BLACK.webp,https://res.cloudinary.com/dcywqtljq/image/upload/v1755338538/adit_products/HP-410A-Black-CF410A.jpg
HP 17A,Toners,4000,4000,0,18,,No,Yes,0,0,https://res.cloudinary.com/dcywqtljq/image/upload/v1755175749/adit-products/HP_17A.jpg,https://res.cloudinary.com/dcywqtljq/image/upload/v1755175759/adit-products/HP_05A.webp,https://res.cloudinary.com/dcywqtljq/image/upload/v1755175757/adit-products/HP_12A.webp
HP 19A,Toners,4000,4000,0,3,,No,Yes,0,0,https://res.cloudinary.com/dcywqtljq/image/upload/v1755175758/adit-products/HP_19A.webp,https://res.cloudinary.com/dcywqtljq/image/upload/v1755175759/adit-products/HP_05A.webp,https://res.cloudinary.com/dcywqtljq/image/upload/v1755175757/adit-products/HP_12A.webp
HP 207A BLACK,Toners,5500,5500,0,5,,No,Yes,0,0,https://res.cloudinary.com/dcywqtljq/image/upload/v1755338541/adit_products/207A-black.jpg,,
HP 207A CYAN,Toners,5500,5500,0,1,,No,Yes,0,0,https://res.cloudinary.com/dcywqtljq/image/upload/v1755338541/adit_products/hp-207a-cyan.jpg,https://res.cloudinary.com/dcywqtljq/image/upload/v1755338542/adit_products/hp-207a-yellow-1.jpg,
HP 207A YELLOW,Toners,5500,5500,0,1,,No,Yes,0,0,https://res.cloudinary.com/dcywqtljq/image/upload/v1755338542/adit_products/hp-207a-yellow-1.jpg,https://res.cloudinary.com/dcywqtljq/image/upload/v1755338541/adit_products/hp-207a-cyan.jpg,
HP 26A,Toners,4000,4000,0,25,,No,Yes,0,0,https://res.cloudinary.com/dcywqtljq/image/upload/v1755175759/adit-products/HP_05A.webp,https://res.cloudinary.com/dcywqtljq/image/upload/v1755175757/adit-products/HP_12A.webp,https://res.cloudinary.com/dcywqtljq/image/upload/v1755175749/adit-products/HP_17A.jpg
HP 30A,Toners,4500,4500,0,1,,No,Yes,0,0,https://res.cloudinary.com/dcywqtljq/image/upload/v1755180391/adit-products/HP_30A.webp,https://res.cloudinary.com/dcywqtljq/image/upload/v1755175759/adit-products/HP_05A.webp,https://res.cloudinary.com/dcywqtljq/image/upload/v1755175757/adit-products/HP_12A.webp
HP 35A,Toners,3500,3500,0,1,,No,Yes,0,0,https://res.cloudinary.com/dcywqtljq/image/upload/v1755175739/adit-products/HP_35A.jpg,https://res.cloudinary.com/dcywqtljq/image/upload/v1755175759/adit-products/HP_05A.webp,https://res.cloudinary.com/dcywqtljq/image/upload/v1755175757/adit-products/HP_12A.webp
HP 410A BLACK,Toners,6500,6500,0,9,,No,Yes,0,0,https://res.cloudinary.com/dcywqtljq/image/upload/v1755338538/adit_products/HP-410A-Black-CF410A.jpg,https://res.cloudinary.com/dcywqtljq/image/upload/v1755180390/adit-products/HP_130A_BLACK.jpg,https://res.cloudinary.com/dcywqtljq/image/upload/v1755175753/adit-products/HP_53A_BLACK.webp
HP 410A CYAN,Toners,6500,6500,0,3,,No,Yes,0,0,https://res.cloudinary.com/dcywqtljq/image/upload/v1755338536/adit_products/32434-24675-HP-410A-Cyan-CF411A-Original-LaserJet-Toner-Cartridge-.webp,,
HP 410A MAGENTA,Toners,6500,6500,0,2,,No,Yes,0,0,https://res.cloudinary.com/dcywqtljq/image/upload/v1755338535/adit_products/HP-Original-Toner-410A-Magenta-CF413A-1200x675.jpg,,
HP 410A YELLOW,Toners,6500,6500,0,2,,No,Yes,0,0,https://res.cloudinary.com/dcywqtljq/image/upload/v1755338535/adit_products/HP-410A-Yellow-LaserJet-Toner-Cartridge-CF412A.webp,,
HP 53A,Toners,3500,3500,0,1,,No,Yes,0,0,https://res.cloudinary.com/dcywqtljq/image/upload/v1755175753/adit-products/HP_53A_BLACK.webp,https://res.cloudinary.com/dcywqtljq/image/upload/v1755175759/adit-products/HP_05A.webp,https://res.cloudinary.com/dcywqtljq/image/upload/v1755175757/adit-products/HP_12A.webp
HP 53A BLACK,Toners,4000,4000,0,2,,No,Yes,0,0,https://res.cloudinary.com/dcywqtljq/image/upload/v1755175753/adit-products/HP_53A_BLACK.webp,https://res.cloudinary.com/dcywqtljq/image/upload/v1755180390/adit-products/HP_130A_BLACK.jpg,https://res.cloudinary.com/dcywqtljq/image/upload/v1755338538/adit_products/HP-410A-Black-CF410A.jpg
HP 55A,Toners,5500,5500,0,1,,No,Yes,0,0,https://res.cloudinary.com/dcywqtljq/image/upload/v1755175759/adit-products/HP_05A.webp,https://res.cloudinary.com/dcywqtljq/image/upload/v1755175757/adit-products/HP_12A.webp,https://res.cloudinary.com/dcywqtljq/image/upload/v1755175749/adit-products/HP_17A.jpg
HP 59A NO.2 ORIGINAL,Toners,8000,8000,0,1,,No,Yes,0,0,https://res.cloudinary.com/dcywqtljq/image/upload/v1755338530/adit_products/HP-59A-ORIGINAL.webp,,
HP 80A,Toners,3500,3500,0,7,,No,Yes,0,0,https://res.cloudinary.com/dcywqtljq/image/upload/v1755338531/adit_products/HP_80A.webp,https://res.cloudinary.com/dcywqtljq/image/upload/v1755175759/adit-products/HP_05A.webp,https://res.cloudinary.com/dcywqtljq/image/upload/v1755175757/adit-products/HP_12A.webp
HP 81A,Toners,7600,7600,0,4,,No,Yes,0,0,https://res.cloudinary.com/dcywqtljq/image/upload/v1755175759/adit-products/HP_05A.webp,https://res.cloudinary.com/dcywqtljq/image/upload/v1755175757/adit-products/HP_12A.webp,https://res.cloudinary.com/dcywqtljq/image/upload/v1755175749/adit-products/HP_17A.jpg
HP 83A,Toners,3500,3500,0,4,,No,Yes,0,0,https://res.cloudinary.com/dcywqtljq/image/upload/v1755175743/adit-products/HP_83A.jpg,https://res.cloudinary.com/dcywqtljq/image/upload/v1755175759/adit-products/HP_05A.webp,https://res.cloudinary.com/dcywqtljq/image/upload/v1755175757/adit-products/HP_12A.webp
HP 85A,Toners,3700,3700,0,31,,No,Yes,0,0,https://res.cloudinary.com/dcywqtljq/image/upload/v1755175744/adit-products/HP_85A.webp,https://res.cloudinary.com/dcywqtljq/image/upload/v1755175759/adit-products/HP_05A.webp,https://res.cloudinary.com/dcywqtljq/image/upload/v1755175757/adit-products/HP_12A.webp
HP OPTIMAGE 1KG TONER REFILL,Toners,2400,2400,0,1,,No,Yes,0,0,https://res.cloudinary.com/dcywqtljq/image/upload/v1755338533/adit_products/RAINBOW_HPCANON_REFILL_TONER.jpg,,
KYOCERA OPTIMAGE 1KG TONER REFILL,Toners,3500,3500,0,1,,No,Yes,0,0,https://res.cloudinary.com/dcywqtljq/image/upload/v1755338533/adit_products/RAINBOW_HPCANON_REFILL_TONER.jpg,,
KYOCERA OPTIMAGE 500G TONER REFILL,Toners,2000,2000,0,10,,No,Yes,0,0,https://res.cloudinary.com/dcywqtljq/image/upload/v1755338533/adit_products/RAINBOW_HPCANON_REFILL_TONER.jpg,,
KYOCERA OPTIMUM 435G TONER REFILL,Toners,2400,2400,0,8,,No,Yes,0,0,https://res.cloudinary.com/dcywqtljq/image/upload/v1755338533/adit_products/RAINBOW_HPCANON_REFILL_TONER.jpg,,
KYOCERA OPTIMUM 870G TONER REFILL,Toners,4400,4400,0,3,,No,Yes,0,0,https://res.cloudinary.com/dcywqtljq/image/upload/v1755338533/adit_products/RAINBOW_HPCANON_REFILL_TONER.jpg,,
KYOCERA TK 1170,Toners,3000,3000,0,3,,No,Yes,0,0,https://res.cloudinary.com/dcywqtljq/image/upload/v1755163754/adit-products/KYOCERA_TK_1170.png,https://res.cloudinary.com/dcywqtljq/image/upload/v1755175747/adit-products/KYOCERA_TK_3130.webp,
KYOCERA TK-3130,Toners,3500,3500,0,2,,No,Yes,0,0,https://res.cloudinary.com/dcywqtljq/image/upload/v1755175747/adit-products/KYOCERA_TK_3130.webp,https://res.cloudinary.com/dcywqtljq/image/upload/v1755163754/adit-products/KYOCERA_TK_1170.png,
KYOCERA TK475,Toners,4000,4000,0,2,,No,Yes,0,0,https://res.cloudinary.com/dcywqtljq/image/upload/v1755175756/adit-products/KYOCERA_TK475.jpg,,
LIGHT WAVE 201A MAGENTA,Toners,3000,3000,0,1,,No,Yes,0,0,https://res.cloudinary.com/dcywqtljq/image/upload/v1755163753/adit-products/LIGHT_WAVE_201A_MAGENTA.webp,https://res.cloudinary.com/dcywqtljq/image/upload/v1755338527/adit_products/59A_LIGHT_WAVE.png,
PREMIUM 17A,Toners,3000,3000,0,2,,No,Yes,0,0,https://res.cloudinary.com/dcywqtljq/image/upload/v1755175749/adit-products/HP_17A.jpg,https://res.cloudinary.com/dcywqtljq/image/upload/v1755163750/adit-products/PREMIUM_26A.jpg,https://res.cloudinary.com/dcywqtljq/image/upload/v1755175736/adit-products/PREMIUM_30A.jpg
PREMIUM 26A,Toners,2500,2500,0,4,,No,Yes,0,0,https://res.cloudinary.com/dcywqtljq/image/upload/v1755163750/adit-products/PREMIUM_26A.jpg,https://res.cloudinary.com/dcywqtljq/image/upload/v1755175736/adit-products/PREMIUM_30A.jpg,https://res.cloudinary.com/dcywqtljq/image/upload/v1755163749/adit-products/PREMIUM_85A.jpg
PREMIUM 80A,Toners,2500,2500,0,1,,No,Yes,0,0,https://res.cloudinary.com/dcywqtljq/image/upload/v1755163750/adit-products/PREMIUM_26A.jpg,https://res.cloudinary.com/dcywqtljq/image/upload/v1755175736/adit-products/PREMIUM_30A.jpg,https://res.cloudinary.com/dcywqtljq/image/upload/v1755163749/adit-products/PREMIUM_85A.jpg
PREMIUM 83A,Toners,2500,2500,0,1,,No,Yes,0,0,https://res.cloudinary.com/dcywqtljq/image/upload/v1755175743/adit-products/HP_83A.jpg,https://res.cloudinary.com/dcywqtljq/image/upload/v1755163750/adit-products/PREMIUM_26A.jpg,https://res.cloudinary.com/dcywqtljq/image/upload/v1755175736/adit-products/PREMIUM_30A.jpg
PREMIUM 85A,Toners,2500,2500,0,9,,No,Yes,0,0,https://res.cloudinary.com/dcywqtljq/image/upload/v1755163749/adit-products/PREMIUM_85A.jpg,https://res.cloudinary.com/dcywqtljq/image/upload/v1755175744/adit-products/HP_85A.webp,https://res.cloudinary.com/dcywqtljq/image/upload/v1755163748/adit-products/OFFICEPOINT_85A.jpg
PREMIUM CF230A,Toners,2500,2500,0,1,,No,Yes,0,0,https://res.cloudinary.com/dcywqtljq/image/upload/v1755163750/adit-products/PREMIUM_26A.jpg,https://res.cloudinary.com/dcywqtljq/image/upload/v1755175736/adit-products/PREMIUM_30A.jpg,https://res.cloudinary.com/dcywqtljq/image/upload/v1755163749/adit-products/PREMIUM_85A.jpg
QWEN 05A/80A,Toners,2500,2500,0,4,,No,Yes,0,0,,,
RAINBOW HP/CANON REFILL TONER,Toners,2400,2400,0,4,,No,Yes,0,0,https://res.cloudinary.com/dcywqtljq/image/upload/v1755338533/adit_products/RAINBOW_HPCANON_REFILL_TONER.jpg,,
RAINBOW KYOCERA REFILL TONER,Toners,3700,3700,0,2,,No,Yes,0,0,https://res.cloudinary.com/dcywqtljq/image/upload/v1755338533/adit_products/RAINBOW_HPCANON_REFILL_TONER.jpg,,
ROYAL 30A,Toners,3000,3000,0,0,,No,Yes,0,0,https://res.cloudinary.com/dcywqtljq/image/upload/v1755180391/adit-products/HP_30A.webp,https://res.cloudinary.com/dcywqtljq/image/upload/v1755175736/adit-products/PREMIUM_30A.jpg,
TK 1120,Toners,2400,2400,0,1,,No,Yes,0,0,https://res.cloudinary.com/dcywqtljq/image/upload/v1755175751/adit-products/TK_410.jpg,https://res.cloudinary.com/dcywqtljq/image/upload/v1755175746/adit-products/TK_4105.jpg,https://res.cloudinary.com/dcywqtljq/image/upload/v1755180398/adit-products/TK_5215.jpg
TK 1140,Toners,2800,2800,0,1,,No,Yes,0,0,https://res.cloudinary.com/dcywqtljq/image/upload/v1755175751/adit-products/TK_410.jpg,https://res.cloudinary.com/dcywqtljq/image/upload/v1755175746/adit-products/TK_4105.jpg,https://res.cloudinary.com/dcywqtljq/image/upload/v1755180398/adit-products/TK_5215.jpg
TK 1150,Toners,2700,2700,0,2,,No,Yes,0,0,https://res.cloudinary.com/dcywqtljq/image/upload/v1755175751/adit-products/TK_410.jpg,https://res.cloudinary.com/dcywqtljq/image/upload/v1755175746/adit-products/TK_4105.jpg,https://res.cloudinary.com/dcywqtljq/image/upload/v1755180398/adit-products/TK_5215.jpg
TK 410,Toners,4000,4000,0,0,,No,Yes,0,0,https://res.cloudinary.com/dcywqtljq/image/upload/v1755175751/adit-products/TK_410.jpg,https://res.cloudinary.com/dcywqtljq/image/upload/v1755175746/adit-products/TK_4105.jpg,https://res.cloudinary.com/dcywqtljq/image/upload/v1755180398/adit-products/TK_5215.jpg
TK 4105,Toners,4000,4000,0,2,,No,Yes,0,0,https://res.cloudinary.com/dcywqtljq/image/upload/v1755175746/adit-products/TK_4105.jpg,https://res.cloudinary.com/dcywqtljq/image/upload/v1755175751/adit-products/TK_410.jpg,https://res.cloudinary.com/dcywqtljq/image/upload/v1755180398/adit-products/TK_5215.jpg
TK 675,Toners,6500,6500,0,1,,No,Yes,0,0,https://res.cloudinary.com/dcywqtljq/image/upload/v1755338537/adit_products/TK-675.jpg,https://res.cloudinary.com/dcywqtljq/image/upload/v1755175751/adit-products/TK_410.jpg,https://res.cloudinary.com/dcywqtljq/image/upload/v1755175746/adit-products/TK_4105.jpg
TK 7105,Toners,5800,5800,0,1,,No,Yes,0,0,https://res.cloudinary.com/dcywqtljq/image/upload/v1755338540/adit_products/TK-7105.webp,https://res.cloudinary.com/dcywqtljq/image/upload/v1755175751/adit-products/TK_410.jpg,https://res.cloudinary.com/dcywqtljq/image/upload/v1755175746/adit-products/TK_4105.jpg
TK 7205,Toners,6300,6300,0,1,,No,Yes,0,0,https://res.cloudinary.com/dcywqtljq/image/upload/v1755338539/adit_products/TK-7205-.jpg,https://res.cloudinary.com/dcywqtljq/image/upload/v1755175751/adit-products/TK_410.jpg,https://res.cloudinary.com/dcywqtljq/image/upload/v1755175746/adit-products/TK_4105.jpg